variant,scenarioId,pack,family,mode,baselineRoute,ablatedRoute,baselineFalseSafe,ablatedFalseSafe,baselineOverSerialized,ablatedOverSerialized,baselineE2ESuccess,ablatedE2ESuccess
no-cid,compose-disjoint-same-file,agr-benchmark,compose-disjoint,agrOff,admit-parallel,admit-parallel,false,false,false,false,true,true
no-shared-surface,compose-disjoint-same-file,agr-benchmark,compose-disjoint,agrOff,admit-parallel,admit-parallel,false,false,false,false,true,true
no-rw-dependency,compose-disjoint-same-file,agr-benchmark,compose-disjoint,agrOff,admit-parallel,admit-parallel,false,false,false,false,true,true
no-virtual-atom,compose-disjoint-same-file,agr-benchmark,compose-disjoint,agrOff,admit-parallel,admit-parallel,false,false,false,false,true,true
no-conflict-key,compose-disjoint-same-file,agr-benchmark,compose-disjoint,agrOff,admit-parallel,admit-parallel,false,false,false,false,true,true
no-cas,compose-disjoint-same-file,agr-benchmark,compose-disjoint,agrOff,admit-parallel,admit-parallel,false,false,false,false,true,true
no-fallback-lock,compose-disjoint-same-file,agr-benchmark,compose-disjoint,agrOff,admit-parallel,admit-parallel,false,false,false,false,true,true
no-cid,compose-disjoint-same-file,agr-benchmark,compose-disjoint,layer1,admit-parallel,admit-parallel,false,false,false,false,true,true
no-shared-surface,compose-disjoint-same-file,agr-benchmark,compose-disjoint,layer1,admit-parallel,admit-parallel,false,false,false,false,true,true
no-rw-dependency,compose-disjoint-same-file,agr-benchmark,compose-disjoint,layer1,admit-parallel,admit-parallel,false,false,false,false,true,true
no-virtual-atom,compose-disjoint-same-file,agr-benchmark,compose-disjoint,layer1,admit-parallel,admit-parallel,false,false,false,false,true,true
no-conflict-key,compose-disjoint-same-file,agr-benchmark,compose-disjoint,layer1,admit-parallel,admit-parallel,false,false,false,false,true,true
no-cas,compose-disjoint-same-file,agr-benchmark,compose-disjoint,layer1,admit-parallel,admit-parallel,false,false,false,false,true,true
no-fallback-lock,compose-disjoint-same-file,agr-benchmark,compose-disjoint,layer1,admit-parallel,admit-parallel,false,false,false,false,true,true
no-cid,compose-disjoint-same-file,agr-benchmark,compose-disjoint,layer2Adr,admit-parallel,admit-parallel,false,false,false,false,true,true
no-shared-surface,compose-disjoint-same-file,agr-benchmark,compose-disjoint,layer2Adr,admit-parallel,admit-parallel,false,false,false,false,true,true
no-rw-dependency,compose-disjoint-same-file,agr-benchmark,compose-disjoint,layer2Adr,admit-parallel,admit-parallel,false,false,false,false,true,true
no-virtual-atom,compose-disjoint-same-file,agr-benchmark,compose-disjoint,layer2Adr,admit-parallel,admit-parallel,false,false,false,false,true,true
no-conflict-key,compose-disjoint-same-file,agr-benchmark,compose-disjoint,layer2Adr,admit-parallel,admit-parallel,false,false,false,false,true,true
no-cas,compose-disjoint-same-file,agr-benchmark,compose-disjoint,layer2Adr,admit-parallel,admit-parallel,false,false,false,false,true,true
no-fallback-lock,compose-disjoint-same-file,agr-benchmark,compose-disjoint,layer2Adr,admit-parallel,admit-parallel,false,false,false,false,true,true
no-cid,compose-same-atom-cid-blocked,agr-benchmark,cid-conflict,agrOff,block,block,false,false,true,true,true,true
no-shared-surface,compose-same-atom-cid-blocked,agr-benchmark,cid-conflict,agrOff,block,block,false,false,true,true,true,true
no-rw-dependency,compose-same-atom-cid-blocked,agr-benchmark,cid-conflict,agrOff,block,block,false,false,true,true,true,true
no-virtual-atom,compose-same-atom-cid-blocked,agr-benchmark,cid-conflict,agrOff,block,block,false,false,true,true,true,true
no-conflict-key,compose-same-atom-cid-blocked,agr-benchmark,cid-conflict,agrOff,block,block,false,false,true,true,true,true
no-cas,compose-same-atom-cid-blocked,agr-benchmark,cid-conflict,agrOff,block,block,false,false,true,true,true,true
no-fallback-lock,compose-same-atom-cid-blocked,agr-benchmark,cid-conflict,agrOff,block,block,false,false,true,true,true,true
no-cid,compose-same-atom-cid-blocked,agr-benchmark,cid-conflict,layer1,admit-parallel,admit-parallel,false,false,false,false,true,true
no-shared-surface,compose-same-atom-cid-blocked,agr-benchmark,cid-conflict,layer1,admit-parallel,admit-parallel,false,false,false,false,true,true
no-rw-dependency,compose-same-atom-cid-blocked,agr-benchmark,cid-conflict,layer1,admit-parallel,admit-parallel,false,false,false,false,true,true
no-virtual-atom,compose-same-atom-cid-blocked,agr-benchmark,cid-conflict,layer1,admit-parallel,admit-parallel,false,false,false,false,true,true
no-conflict-key,compose-same-atom-cid-blocked,agr-benchmark,cid-conflict,layer1,admit-parallel,admit-parallel,false,false,false,false,true,true
no-cas,compose-same-atom-cid-blocked,agr-benchmark,cid-conflict,layer1,admit-parallel,admit-parallel,false,false,false,false,true,true
no-fallback-lock,compose-same-atom-cid-blocked,agr-benchmark,cid-conflict,layer1,admit-parallel,admit-parallel,false,false,false,false,true,true
no-cid,compose-same-atom-cid-blocked,agr-benchmark,cid-conflict,layer2Adr,admit-parallel,admit-parallel,false,false,false,false,true,true
no-shared-surface,compose-same-atom-cid-blocked,agr-benchmark,cid-conflict,layer2Adr,admit-parallel,admit-parallel,false,false,false,false,true,true
no-rw-dependency,compose-same-atom-cid-blocked,agr-benchmark,cid-conflict,layer2Adr,admit-parallel,admit-parallel,false,false,false,false,true,true
no-virtual-atom,compose-same-atom-cid-blocked,agr-benchmark,cid-conflict,layer2Adr,admit-parallel,admit-parallel,false,false,false,false,true,true
no-conflict-key,compose-same-atom-cid-blocked,agr-benchmark,cid-conflict,layer2Adr,admit-parallel,admit-parallel,false,false,false,false,true,true
no-cas,compose-same-atom-cid-blocked,agr-benchmark,cid-conflict,layer2Adr,admit-parallel,admit-parallel,false,false,false,false,true,true
no-fallback-lock,compose-same-atom-cid-blocked,agr-benchmark,cid-conflict,layer2Adr,admit-parallel,admit-parallel,false,false,false,false,true,true
no-cid,compose-same-atom-cid-unresolvable,agr-benchmark,cid-conflict,agrOff,block,admit-parallel,false,true,false,false,true,false
no-shared-surface,compose-same-atom-cid-unresolvable,agr-benchmark,cid-conflict,agrOff,block,block,false,false,false,false,true,true
no-rw-dependency,compose-same-atom-cid-unresolvable,agr-benchmark,cid-conflict,agrOff,block,block,false,false,false,false,true,true
no-virtual-atom,compose-same-atom-cid-unresolvable,agr-benchmark,cid-conflict,agrOff,block,block,false,false,false,false,true,true
no-conflict-key,compose-same-atom-cid-unresolvable,agr-benchmark,cid-conflict,agrOff,block,block,false,false,false,false,true,true
no-cas,compose-same-atom-cid-unresolvable,agr-benchmark,cid-conflict,agrOff,block,admit-parallel,false,true,false,false,true,false
no-fallback-lock,compose-same-atom-cid-unresolvable,agr-benchmark,cid-conflict,agrOff,block,block,false,false,false,false,true,true
no-cid,compose-same-atom-cid-unresolvable,agr-benchmark,cid-conflict,layer1,block,admit-parallel,false,true,false,false,true,false
no-shared-surface,compose-same-atom-cid-unresolvable,agr-benchmark,cid-conflict,layer1,block,block,false,false,false,false,true,true
no-rw-dependency,compose-same-atom-cid-unresolvable,agr-benchmark,cid-conflict,layer1,block,block,false,false,false,false,true,true
no-virtual-atom,compose-same-atom-cid-unresolvable,agr-benchmark,cid-conflict,layer1,block,block,false,false,false,false,true,true
no-conflict-key,compose-same-atom-cid-unresolvable,agr-benchmark,cid-conflict,layer1,block,block,false,false,false,false,true,true
no-cas,compose-same-atom-cid-unresolvable,agr-benchmark,cid-conflict,layer1,block,admit-parallel,false,true,false,false,true,false
no-fallback-lock,compose-same-atom-cid-unresolvable,agr-benchmark,cid-conflict,layer1,block,block,false,false,false,false,true,true
no-cid,compose-same-atom-cid-unresolvable,agr-benchmark,cid-conflict,layer2Adr,block,admit-parallel,false,true,false,false,true,false
no-shared-surface,compose-same-atom-cid-unresolvable,agr-benchmark,cid-conflict,layer2Adr,block,block,false,false,false,false,true,true
no-rw-dependency,compose-same-atom-cid-unresolvable,agr-benchmark,cid-conflict,layer2Adr,block,block,false,false,false,false,true,true
no-virtual-atom,compose-same-atom-cid-unresolvable,agr-benchmark,cid-conflict,layer2Adr,block,block,false,false,false,false,true,true
no-conflict-key,compose-same-atom-cid-unresolvable,agr-benchmark,cid-conflict,layer2Adr,block,block,false,false,false,false,true,true
no-cas,compose-same-atom-cid-unresolvable,agr-benchmark,cid-conflict,layer2Adr,block,admit-parallel,false,true,false,false,true,false
no-fallback-lock,compose-same-atom-cid-unresolvable,agr-benchmark,cid-conflict,layer2Adr,block,block,false,false,false,false,true,true
no-cid,compose-overlapping-hunks,agr-benchmark,physical-overlap,agrOff,merge-with-tool,merge-with-tool,false,false,false,false,true,true
no-shared-surface,compose-overlapping-hunks,agr-benchmark,physical-overlap,agrOff,merge-with-tool,merge-with-tool,false,false,false,false,true,true
no-rw-dependency,compose-overlapping-hunks,agr-benchmark,physical-overlap,agrOff,merge-with-tool,merge-with-tool,false,false,false,false,true,true
no-virtual-atom,compose-overlapping-hunks,agr-benchmark,physical-overlap,agrOff,merge-with-tool,admit-parallel,false,true,false,false,true,false
no-conflict-key,compose-overlapping-hunks,agr-benchmark,physical-overlap,agrOff,merge-with-tool,merge-with-tool,false,false,false,false,true,true
no-cas,compose-overlapping-hunks,agr-benchmark,physical-overlap,agrOff,merge-with-tool,merge-with-tool,false,false,false,false,true,true
no-fallback-lock,compose-overlapping-hunks,agr-benchmark,physical-overlap,agrOff,merge-with-tool,merge-with-tool,false,false,false,false,true,true
no-cid,compose-overlapping-hunks,agr-benchmark,physical-overlap,layer1,merge-with-tool,merge-with-tool,false,false,false,false,true,true
no-shared-surface,compose-overlapping-hunks,agr-benchmark,physical-overlap,layer1,merge-with-tool,merge-with-tool,false,false,false,false,true,true
no-rw-dependency,compose-overlapping-hunks,agr-benchmark,physical-overlap,layer1,merge-with-tool,merge-with-tool,false,false,false,false,true,true
no-virtual-atom,compose-overlapping-hunks,agr-benchmark,physical-overlap,layer1,merge-with-tool,admit-parallel,false,true,false,false,true,false
no-conflict-key,compose-overlapping-hunks,agr-benchmark,physical-overlap,layer1,merge-with-tool,merge-with-tool,false,false,false,false,true,true
no-cas,compose-overlapping-hunks,agr-benchmark,physical-overlap,layer1,merge-with-tool,merge-with-tool,false,false,false,false,true,true
no-fallback-lock,compose-overlapping-hunks,agr-benchmark,physical-overlap,layer1,merge-with-tool,merge-with-tool,false,false,false,false,true,true
no-cid,compose-overlapping-hunks,agr-benchmark,physical-overlap,layer2Adr,merge-with-tool,merge-with-tool,false,false,false,false,true,true
no-shared-surface,compose-overlapping-hunks,agr-benchmark,physical-overlap,layer2Adr,merge-with-tool,merge-with-tool,false,false,false,false,true,true
no-rw-dependency,compose-overlapping-hunks,agr-benchmark,physical-overlap,layer2Adr,merge-with-tool,merge-with-tool,false,false,false,false,true,true
no-virtual-atom,compose-overlapping-hunks,agr-benchmark,physical-overlap,layer2Adr,merge-with-tool,admit-parallel,false,true,false,false,true,false
no-conflict-key,compose-overlapping-hunks,agr-benchmark,physical-overlap,layer2Adr,merge-with-tool,merge-with-tool,false,false,false,false,true,true
no-cas,compose-overlapping-hunks,agr-benchmark,physical-overlap,layer2Adr,merge-with-tool,merge-with-tool,false,false,false,false,true,true
no-fallback-lock,compose-overlapping-hunks,agr-benchmark,physical-overlap,layer2Adr,merge-with-tool,merge-with-tool,false,false,false,false,true,true
no-cid,registry-cid-disjoint-file-overlap,agr-benchmark,compose-disjoint,agrOff,merge-with-tool,merge-with-tool,false,false,true,true,true,true
no-shared-surface,registry-cid-disjoint-file-overlap,agr-benchmark,compose-disjoint,agrOff,merge-with-tool,merge-with-tool,false,false,true,true,true,true
no-rw-dependency,registry-cid-disjoint-file-overlap,agr-benchmark,compose-disjoint,agrOff,merge-with-tool,merge-with-tool,false,false,true,true,true,true
no-virtual-atom,registry-cid-disjoint-file-overlap,agr-benchmark,compose-disjoint,agrOff,merge-with-tool,merge-with-tool,false,false,true,true,true,true
no-conflict-key,registry-cid-disjoint-file-overlap,agr-benchmark,compose-disjoint,agrOff,merge-with-tool,merge-with-tool,false,false,true,true,true,true
no-cas,registry-cid-disjoint-file-overlap,agr-benchmark,compose-disjoint,agrOff,merge-with-tool,merge-with-tool,false,false,true,true,true,true
no-fallback-lock,registry-cid-disjoint-file-overlap,agr-benchmark,compose-disjoint,agrOff,merge-with-tool,merge-with-tool,false,false,true,true,true,true
no-cid,registry-cid-disjoint-file-overlap,agr-benchmark,compose-disjoint,layer1,merge-with-tool,merge-with-tool,false,false,true,true,true,true
no-shared-surface,registry-cid-disjoint-file-overlap,agr-benchmark,compose-disjoint,layer1,merge-with-tool,merge-with-tool,false,false,true,true,true,true
no-rw-dependency,registry-cid-disjoint-file-overlap,agr-benchmark,compose-disjoint,layer1,merge-with-tool,merge-with-tool,false,false,true,true,true,true
no-virtual-atom,registry-cid-disjoint-file-overlap,agr-benchmark,compose-disjoint,layer1,merge-with-tool,merge-with-tool,false,false,true,true,true,true
no-conflict-key,registry-cid-disjoint-file-overlap,agr-benchmark,compose-disjoint,layer1,merge-with-tool,merge-with-tool,false,false,true,true,true,true
no-cas,registry-cid-disjoint-file-overlap,agr-benchmark,compose-disjoint,layer1,merge-with-tool,merge-with-tool,false,false,true,true,true,true
no-fallback-lock,registry-cid-disjoint-file-overlap,agr-benchmark,compose-disjoint,layer1,merge-with-tool,merge-with-tool,false,false,true,true,true,true
no-cid,registry-cid-disjoint-file-overlap,agr-benchmark,compose-disjoint,layer2Adr,merge-with-tool,merge-with-tool,false,false,true,true,true,true
no-shared-surface,registry-cid-disjoint-file-overlap,agr-benchmark,compose-disjoint,layer2Adr,merge-with-tool,merge-with-tool,false,false,true,true,true,true
no-rw-dependency,registry-cid-disjoint-file-overlap,agr-benchmark,compose-disjoint,layer2Adr,merge-with-tool,merge-with-tool,false,false,true,true,true,true
no-virtual-atom,registry-cid-disjoint-file-overlap,agr-benchmark,compose-disjoint,layer2Adr,merge-with-tool,merge-with-tool,false,false,true,true,true,true
no-conflict-key,registry-cid-disjoint-file-overlap,agr-benchmark,compose-disjoint,layer2Adr,merge-with-tool,merge-with-tool,false,false,true,true,true,true
no-cas,registry-cid-disjoint-file-overlap,agr-benchmark,compose-disjoint,layer2Adr,merge-with-tool,merge-with-tool,false,false,true,true,true,true
no-fallback-lock,registry-cid-disjoint-file-overlap,agr-benchmark,compose-disjoint,layer2Adr,merge-with-tool,merge-with-tool,false,false,true,true,true,true
no-cid,registry-shared-surface-blocked,agr-benchmark,shared-surface,agrOff,block,block,false,false,false,false,true,true
no-shared-surface,registry-shared-surface-blocked,agr-benchmark,shared-surface,agrOff,block,admit-parallel,false,true,false,false,true,false
no-rw-dependency,registry-shared-surface-blocked,agr-benchmark,shared-surface,agrOff,block,block,false,false,false,false,true,true
no-virtual-atom,registry-shared-surface-blocked,agr-benchmark,shared-surface,agrOff,block,block,false,false,false,false,true,true
no-conflict-key,registry-shared-surface-blocked,agr-benchmark,shared-surface,agrOff,block,admit-parallel,false,true,false,false,true,false
no-cas,registry-shared-surface-blocked,agr-benchmark,shared-surface,agrOff,block,block,false,false,false,false,true,true
no-fallback-lock,registry-shared-surface-blocked,agr-benchmark,shared-surface,agrOff,block,block,false,false,false,false,true,true
no-cid,registry-shared-surface-blocked,agr-benchmark,shared-surface,layer1,block,block,false,false,false,false,true,true
no-shared-surface,registry-shared-surface-blocked,agr-benchmark,shared-surface,layer1,block,admit-parallel,false,true,false,false,true,false
no-rw-dependency,registry-shared-surface-blocked,agr-benchmark,shared-surface,layer1,block,block,false,false,false,false,true,true
no-virtual-atom,registry-shared-surface-blocked,agr-benchmark,shared-surface,layer1,block,block,false,false,false,false,true,true
no-conflict-key,registry-shared-surface-blocked,agr-benchmark,shared-surface,layer1,block,admit-parallel,false,true,false,false,true,false
no-cas,registry-shared-surface-blocked,agr-benchmark,shared-surface,layer1,block,block,false,false,false,false,true,true
no-fallback-lock,registry-shared-surface-blocked,agr-benchmark,shared-surface,layer1,block,block,false,false,false,false,true,true
no-cid,registry-shared-surface-blocked,agr-benchmark,shared-surface,layer2Adr,block,block,false,false,false,false,true,true
no-shared-surface,registry-shared-surface-blocked,agr-benchmark,shared-surface,layer2Adr,block,admit-parallel,false,true,false,false,true,false
no-rw-dependency,registry-shared-surface-blocked,agr-benchmark,shared-surface,layer2Adr,block,block,false,false,false,false,true,true
no-virtual-atom,registry-shared-surface-blocked,agr-benchmark,shared-surface,layer2Adr,block,block,false,false,false,false,true,true
no-conflict-key,registry-shared-surface-blocked,agr-benchmark,shared-surface,layer2Adr,block,admit-parallel,false,true,false,false,true,false
no-cas,registry-shared-surface-blocked,agr-benchmark,shared-surface,layer2Adr,block,block,false,false,false,false,true,true
no-fallback-lock,registry-shared-surface-blocked,agr-benchmark,shared-surface,layer2Adr,block,block,false,false,false,false,true,true
no-cid,registry-read-write-dependency,agr-benchmark,rw-dependency,agrOff,admit-parallel,admit-parallel,true,true,false,false,false,false
no-shared-surface,registry-read-write-dependency,agr-benchmark,rw-dependency,agrOff,admit-parallel,admit-parallel,true,true,false,false,false,false
no-rw-dependency,registry-read-write-dependency,agr-benchmark,rw-dependency,agrOff,admit-parallel,admit-parallel,true,true,false,false,false,false
no-virtual-atom,registry-read-write-dependency,agr-benchmark,rw-dependency,agrOff,admit-parallel,admit-parallel,true,true,false,false,false,false
no-conflict-key,registry-read-write-dependency,agr-benchmark,rw-dependency,agrOff,admit-parallel,admit-parallel,true,true,false,false,false,false
no-cas,registry-read-write-dependency,agr-benchmark,rw-dependency,agrOff,admit-parallel,admit-parallel,true,true,false,false,false,false
no-fallback-lock,registry-read-write-dependency,agr-benchmark,rw-dependency,agrOff,admit-parallel,admit-parallel,true,true,false,false,false,false
no-cid,registry-read-write-dependency,agr-benchmark,rw-dependency,layer1,admit-parallel,admit-parallel,true,true,false,false,false,false
no-shared-surface,registry-read-write-dependency,agr-benchmark,rw-dependency,layer1,admit-parallel,admit-parallel,true,true,false,false,false,false
no-rw-dependency,registry-read-write-dependency,agr-benchmark,rw-dependency,layer1,admit-parallel,admit-parallel,true,true,false,false,false,false
no-virtual-atom,registry-read-write-dependency,agr-benchmark,rw-dependency,layer1,admit-parallel,admit-parallel,true,true,false,false,false,false
no-conflict-key,registry-read-write-dependency,agr-benchmark,rw-dependency,layer1,admit-parallel,admit-parallel,true,true,false,false,false,false
no-cas,registry-read-write-dependency,agr-benchmark,rw-dependency,layer1,admit-parallel,admit-parallel,true,true,false,false,false,false
no-fallback-lock,registry-read-write-dependency,agr-benchmark,rw-dependency,layer1,admit-parallel,admit-parallel,true,true,false,false,false,false
no-cid,registry-read-write-dependency,agr-benchmark,rw-dependency,layer2Adr,serial,serial,false,false,false,false,true,true
no-shared-surface,registry-read-write-dependency,agr-benchmark,rw-dependency,layer2Adr,serial,serial,false,false,false,false,true,true
no-rw-dependency,registry-read-write-dependency,agr-benchmark,rw-dependency,layer2Adr,serial,admit-parallel,false,true,false,false,true,false
no-virtual-atom,registry-read-write-dependency,agr-benchmark,rw-dependency,layer2Adr,serial,serial,false,false,false,false,true,true
no-conflict-key,registry-read-write-dependency,agr-benchmark,rw-dependency,layer2Adr,serial,admit-parallel,false,true,false,false,true,false
no-cas,registry-read-write-dependency,agr-benchmark,rw-dependency,layer2Adr,serial,serial,false,false,false,false,true,true
no-fallback-lock,registry-read-write-dependency,agr-benchmark,rw-dependency,layer2Adr,serial,serial,false,false,false,false,true,true
no-cid,registry-parallel-safe-clean,agr-benchmark,unknown,agrOff,admit-parallel,admit-parallel,false,false,false,false,true,true
no-shared-surface,registry-parallel-safe-clean,agr-benchmark,unknown,agrOff,admit-parallel,admit-parallel,false,false,false,false,true,true
no-rw-dependency,registry-parallel-safe-clean,agr-benchmark,unknown,agrOff,admit-parallel,admit-parallel,false,false,false,false,true,true
no-virtual-atom,registry-parallel-safe-clean,agr-benchmark,unknown,agrOff,admit-parallel,admit-parallel,false,false,false,false,true,true
no-conflict-key,registry-parallel-safe-clean,agr-benchmark,unknown,agrOff,admit-parallel,admit-parallel,false,false,false,false,true,true
no-cas,registry-parallel-safe-clean,agr-benchmark,unknown,agrOff,admit-parallel,admit-parallel,false,false,false,false,true,true
no-fallback-lock,registry-parallel-safe-clean,agr-benchmark,unknown,agrOff,admit-parallel,admit-parallel,false,false,false,false,true,true
no-cid,registry-parallel-safe-clean,agr-benchmark,unknown,layer1,admit-parallel,admit-parallel,false,false,false,false,true,true
no-shared-surface,registry-parallel-safe-clean,agr-benchmark,unknown,layer1,admit-parallel,admit-parallel,false,false,false,false,true,true
no-rw-dependency,registry-parallel-safe-clean,agr-benchmark,unknown,layer1,admit-parallel,admit-parallel,false,false,false,false,true,true
no-virtual-atom,registry-parallel-safe-clean,agr-benchmark,unknown,layer1,admit-parallel,admit-parallel,false,false,false,false,true,true
no-conflict-key,registry-parallel-safe-clean,agr-benchmark,unknown,layer1,admit-parallel,admit-parallel,false,false,false,false,true,true
no-cas,registry-parallel-safe-clean,agr-benchmark,unknown,layer1,admit-parallel,admit-parallel,false,false,false,false,true,true
no-fallback-lock,registry-parallel-safe-clean,agr-benchmark,unknown,layer1,admit-parallel,admit-parallel,false,false,false,false,true,true
no-cid,registry-parallel-safe-clean,agr-benchmark,unknown,layer2Adr,admit-parallel,admit-parallel,false,false,false,false,true,true
no-shared-surface,registry-parallel-safe-clean,agr-benchmark,unknown,layer2Adr,admit-parallel,admit-parallel,false,false,false,false,true,true
no-rw-dependency,registry-parallel-safe-clean,agr-benchmark,unknown,layer2Adr,admit-parallel,admit-parallel,false,false,false,false,true,true
no-virtual-atom,registry-parallel-safe-clean,agr-benchmark,unknown,layer2Adr,admit-parallel,admit-parallel,false,false,false,false,true,true
no-conflict-key,registry-parallel-safe-clean,agr-benchmark,unknown,layer2Adr,admit-parallel,admit-parallel,false,false,false,false,true,true
no-cas,registry-parallel-safe-clean,agr-benchmark,unknown,layer2Adr,admit-parallel,admit-parallel,false,false,false,false,true,true
no-fallback-lock,registry-parallel-safe-clean,agr-benchmark,unknown,layer2Adr,admit-parallel,admit-parallel,false,false,false,false,true,true
no-cid,compose-shared-validator-surface,agr-benchmark,shared-surface,agrOff,admit-parallel,admit-parallel,false,false,false,false,true,true
no-shared-surface,compose-shared-validator-surface,agr-benchmark,shared-surface,agrOff,admit-parallel,admit-parallel,false,false,false,false,true,true
no-rw-dependency,compose-shared-validator-surface,agr-benchmark,shared-surface,agrOff,admit-parallel,admit-parallel,false,false,false,false,true,true
no-virtual-atom,compose-shared-validator-surface,agr-benchmark,shared-surface,agrOff,admit-parallel,admit-parallel,false,false,false,false,true,true
no-conflict-key,compose-shared-validator-surface,agr-benchmark,shared-surface,agrOff,admit-parallel,admit-parallel,false,false,false,false,true,true
no-cas,compose-shared-validator-surface,agr-benchmark,shared-surface,agrOff,admit-parallel,admit-parallel,false,false,false,false,true,true
no-fallback-lock,compose-shared-validator-surface,agr-benchmark,shared-surface,agrOff,admit-parallel,admit-parallel,false,false,false,false,true,true
no-cid,compose-shared-validator-surface,agr-benchmark,shared-surface,layer1,admit-parallel,admit-parallel,false,false,false,false,true,true
no-shared-surface,compose-shared-validator-surface,agr-benchmark,shared-surface,layer1,admit-parallel,admit-parallel,false,false,false,false,true,true
no-rw-dependency,compose-shared-validator-surface,agr-benchmark,shared-surface,layer1,admit-parallel,admit-parallel,false,false,false,false,true,true
no-virtual-atom,compose-shared-validator-surface,agr-benchmark,shared-surface,layer1,admit-parallel,admit-parallel,false,false,false,false,true,true
no-conflict-key,compose-shared-validator-surface,agr-benchmark,shared-surface,layer1,admit-parallel,admit-parallel,false,false,false,false,true,true
no-cas,compose-shared-validator-surface,agr-benchmark,shared-surface,layer1,admit-parallel,admit-parallel,false,false,false,false,true,true
no-fallback-lock,compose-shared-validator-surface,agr-benchmark,shared-surface,layer1,admit-parallel,admit-parallel,false,false,false,false,true,true
no-cid,compose-shared-validator-surface,agr-benchmark,shared-surface,layer2Adr,admit-parallel,admit-parallel,false,false,false,false,true,true
no-shared-surface,compose-shared-validator-surface,agr-benchmark,shared-surface,layer2Adr,admit-parallel,admit-parallel,false,false,false,false,true,true
no-rw-dependency,compose-shared-validator-surface,agr-benchmark,shared-surface,layer2Adr,admit-parallel,admit-parallel,false,false,false,false,true,true
no-virtual-atom,compose-shared-validator-surface,agr-benchmark,shared-surface,layer2Adr,admit-parallel,admit-parallel,false,false,false,false,true,true
no-conflict-key,compose-shared-validator-surface,agr-benchmark,shared-surface,layer2Adr,admit-parallel,admit-parallel,false,false,false,false,true,true
no-cas,compose-shared-validator-surface,agr-benchmark,shared-surface,layer2Adr,admit-parallel,admit-parallel,false,false,false,false,true,true
no-fallback-lock,compose-shared-validator-surface,agr-benchmark,shared-surface,layer2Adr,admit-parallel,admit-parallel,false,false,false,false,true,true
no-cid,validator-catch-typecheck-failure,agr-benchmark,shared-surface,agrOff,admit-parallel,admit-parallel,false,false,false,false,true,true
no-shared-surface,validator-catch-typecheck-failure,agr-benchmark,shared-surface,agrOff,admit-parallel,admit-parallel,false,false,false,false,true,true
no-rw-dependency,validator-catch-typecheck-failure,agr-benchmark,shared-surface,agrOff,admit-parallel,admit-parallel,false,false,false,false,true,true
no-virtual-atom,validator-catch-typecheck-failure,agr-benchmark,shared-surface,agrOff,admit-parallel,admit-parallel,false,false,false,false,true,true
no-conflict-key,validator-catch-typecheck-failure,agr-benchmark,shared-surface,agrOff,admit-parallel,admit-parallel,false,false,false,false,true,true
no-cas,validator-catch-typecheck-failure,agr-benchmark,shared-surface,agrOff,admit-parallel,admit-parallel,false,false,false,false,true,true
no-fallback-lock,validator-catch-typecheck-failure,agr-benchmark,shared-surface,agrOff,admit-parallel,admit-parallel,false,false,false,false,true,true
no-cid,validator-catch-typecheck-failure,agr-benchmark,shared-surface,layer2Adr,admit-parallel,admit-parallel,false,false,false,false,true,true
no-shared-surface,validator-catch-typecheck-failure,agr-benchmark,shared-surface,layer2Adr,admit-parallel,admit-parallel,false,false,false,false,true,true
no-rw-dependency,validator-catch-typecheck-failure,agr-benchmark,shared-surface,layer2Adr,admit-parallel,admit-parallel,false,false,false,false,true,true
no-virtual-atom,validator-catch-typecheck-failure,agr-benchmark,shared-surface,layer2Adr,admit-parallel,admit-parallel,false,false,false,false,true,true
no-conflict-key,validator-catch-typecheck-failure,agr-benchmark,shared-surface,layer2Adr,admit-parallel,admit-parallel,false,false,false,false,true,true
no-cas,validator-catch-typecheck-failure,agr-benchmark,shared-surface,layer2Adr,admit-parallel,admit-parallel,false,false,false,false,true,true
no-fallback-lock,validator-catch-typecheck-failure,agr-benchmark,shared-surface,layer2Adr,admit-parallel,admit-parallel,false,false,false,false,true,true
no-cid,layer1-no-refinement-available,agr-benchmark,physical-overlap,agrOff,block,block,false,false,false,false,true,true
no-shared-surface,layer1-no-refinement-available,agr-benchmark,physical-overlap,agrOff,block,block,false,false,false,false,true,true
no-rw-dependency,layer1-no-refinement-available,agr-benchmark,physical-overlap,agrOff,block,block,false,false,false,false,true,true
no-virtual-atom,layer1-no-refinement-available,agr-benchmark,physical-overlap,agrOff,block,admit-parallel,false,true,false,false,true,false
no-conflict-key,layer1-no-refinement-available,agr-benchmark,physical-overlap,agrOff,block,block,false,false,false,false,true,true
no-cas,layer1-no-refinement-available,agr-benchmark,physical-overlap,agrOff,block,block,false,false,false,false,true,true
no-fallback-lock,layer1-no-refinement-available,agr-benchmark,physical-overlap,agrOff,block,block,false,false,false,false,true,true
no-cid,layer1-no-refinement-available,agr-benchmark,physical-overlap,layer1,block,block,false,false,false,false,true,true
no-shared-surface,layer1-no-refinement-available,agr-benchmark,physical-overlap,layer1,block,block,false,false,false,false,true,true
no-rw-dependency,layer1-no-refinement-available,agr-benchmark,physical-overlap,layer1,block,block,false,false,false,false,true,true
no-virtual-atom,layer1-no-refinement-available,agr-benchmark,physical-overlap,layer1,block,admit-parallel,false,true,false,false,true,false
no-conflict-key,layer1-no-refinement-available,agr-benchmark,physical-overlap,layer1,block,block,false,false,false,false,true,true
no-cas,layer1-no-refinement-available,agr-benchmark,physical-overlap,layer1,block,block,false,false,false,false,true,true
no-fallback-lock,layer1-no-refinement-available,agr-benchmark,physical-overlap,layer1,block,block,false,false,false,false,true,true
no-cid,layer2-threshold-not-met,agr-benchmark,physical-overlap,agrOff,block,block,false,false,false,false,true,true
no-shared-surface,layer2-threshold-not-met,agr-benchmark,physical-overlap,agrOff,block,block,false,false,false,false,true,true
no-rw-dependency,layer2-threshold-not-met,agr-benchmark,physical-overlap,agrOff,block,block,false,false,false,false,true,true
no-virtual-atom,layer2-threshold-not-met,agr-benchmark,physical-overlap,agrOff,block,admit-parallel,false,true,false,false,true,false
no-conflict-key,layer2-threshold-not-met,agr-benchmark,physical-overlap,agrOff,block,block,false,false,false,false,true,true
no-cas,layer2-threshold-not-met,agr-benchmark,physical-overlap,agrOff,block,block,false,false,false,false,true,true
no-fallback-lock,layer2-threshold-not-met,agr-benchmark,physical-overlap,agrOff,block,block,false,false,false,false,true,true
no-cid,layer2-threshold-not-met,agr-benchmark,physical-overlap,layer1,block,block,false,false,false,false,true,true
no-shared-surface,layer2-threshold-not-met,agr-benchmark,physical-overlap,layer1,block,block,false,false,false,false,true,true
no-rw-dependency,layer2-threshold-not-met,agr-benchmark,physical-overlap,layer1,block,block,false,false,false,false,true,true
no-virtual-atom,layer2-threshold-not-met,agr-benchmark,physical-overlap,layer1,block,admit-parallel,false,true,false,false,true,false
no-conflict-key,layer2-threshold-not-met,agr-benchmark,physical-overlap,layer1,block,block,false,false,false,false,true,true
no-cas,layer2-threshold-not-met,agr-benchmark,physical-overlap,layer1,block,block,false,false,false,false,true,true
no-fallback-lock,layer2-threshold-not-met,agr-benchmark,physical-overlap,layer1,block,block,false,false,false,false,true,true
no-cid,layer2-threshold-not-met,agr-benchmark,physical-overlap,layer2Adr,block,block,false,false,false,false,true,true
no-shared-surface,layer2-threshold-not-met,agr-benchmark,physical-overlap,layer2Adr,block,block,false,false,false,false,true,true
no-rw-dependency,layer2-threshold-not-met,agr-benchmark,physical-overlap,layer2Adr,block,block,false,false,false,false,true,true
no-virtual-atom,layer2-threshold-not-met,agr-benchmark,physical-overlap,layer2Adr,block,admit-parallel,false,true,false,false,true,false
no-conflict-key,layer2-threshold-not-met,agr-benchmark,physical-overlap,layer2Adr,block,block,false,false,false,false,true,true
no-cas,layer2-threshold-not-met,agr-benchmark,physical-overlap,layer2Adr,block,block,false,false,false,false,true,true
no-fallback-lock,layer2-threshold-not-met,agr-benchmark,physical-overlap,layer2Adr,block,block,false,false,false,false,true,true
no-cid,parallel-safe-disjoint,agr-conflict-benchmark,compose-disjoint,conflict,admit-parallel,admit-parallel,false,false,false,false,true,true
no-shared-surface,parallel-safe-disjoint,agr-conflict-benchmark,compose-disjoint,conflict,admit-parallel,admit-parallel,false,false,false,false,true,true
no-rw-dependency,parallel-safe-disjoint,agr-conflict-benchmark,compose-disjoint,conflict,admit-parallel,admit-parallel,false,false,false,false,true,true
no-virtual-atom,parallel-safe-disjoint,agr-conflict-benchmark,compose-disjoint,conflict,admit-parallel,admit-parallel,false,false,false,false,true,true
no-conflict-key,parallel-safe-disjoint,agr-conflict-benchmark,compose-disjoint,conflict,admit-parallel,admit-parallel,false,false,false,false,true,true
no-cas,parallel-safe-disjoint,agr-conflict-benchmark,compose-disjoint,conflict,admit-parallel,admit-parallel,false,false,false,false,true,true
no-fallback-lock,parallel-safe-disjoint,agr-conflict-benchmark,compose-disjoint,conflict,admit-parallel,admit-parallel,false,false,false,false,true,true
no-cid,read-write-dependency-freeze,agr-conflict-benchmark,rw-dependency,conflict,admit-parallel,admit-parallel,false,false,false,false,true,true
no-shared-surface,read-write-dependency-freeze,agr-conflict-benchmark,rw-dependency,conflict,admit-parallel,admit-parallel,false,false,false,false,true,true
no-rw-dependency,read-write-dependency-freeze,agr-conflict-benchmark,rw-dependency,conflict,admit-parallel,admit-parallel,false,false,false,false,true,true
no-virtual-atom,read-write-dependency-freeze,agr-conflict-benchmark,rw-dependency,conflict,admit-parallel,admit-parallel,false,false,false,false,true,true
no-conflict-key,read-write-dependency-freeze,agr-conflict-benchmark,rw-dependency,conflict,admit-parallel,admit-parallel,false,false,false,false,true,true
no-cas,read-write-dependency-freeze,agr-conflict-benchmark,rw-dependency,conflict,admit-parallel,admit-parallel,false,false,false,false,true,true
no-fallback-lock,read-write-dependency-freeze,agr-conflict-benchmark,rw-dependency,conflict,admit-parallel,admit-parallel,false,false,false,false,true,true
no-cid,capsule-cid-drift-freeze,agr-conflict-benchmark,capsule-drift,conflict,block,block,false,false,false,false,true,true
no-shared-surface,capsule-cid-drift-freeze,agr-conflict-benchmark,capsule-drift,conflict,block,block,false,false,false,false,true,true
no-rw-dependency,capsule-cid-drift-freeze,agr-conflict-benchmark,capsule-drift,conflict,block,block,false,false,false,false,true,true
no-virtual-atom,capsule-cid-drift-freeze,agr-conflict-benchmark,capsule-drift,conflict,block,block,false,false,false,false,true,true
no-conflict-key,capsule-cid-drift-freeze,agr-conflict-benchmark,capsule-drift,conflict,block,block,false,false,false,false,true,true
no-cas,capsule-cid-drift-freeze,agr-conflict-benchmark,capsule-drift,conflict,block,admit-parallel,false,false,false,false,true,false
no-fallback-lock,capsule-cid-drift-freeze,agr-conflict-benchmark,capsule-drift,conflict,block,block,false,false,false,false,true,true
no-cid,shared-surface-blocked,agr-conflict-benchmark,shared-surface,conflict,block,block,false,false,false,false,true,true
no-shared-surface,shared-surface-blocked,agr-conflict-benchmark,shared-surface,conflict,block,admit-parallel,false,false,false,false,true,false
no-rw-dependency,shared-surface-blocked,agr-conflict-benchmark,shared-surface,conflict,block,block,false,false,false,false,true,true
no-virtual-atom,shared-surface-blocked,agr-conflict-benchmark,shared-surface,conflict,block,block,false,false,false,false,true,true
no-conflict-key,shared-surface-blocked,agr-conflict-benchmark,shared-surface,conflict,block,admit-parallel,false,false,false,false,true,false
no-cas,shared-surface-blocked,agr-conflict-benchmark,shared-surface,conflict,block,block,false,false,false,false,true,true
no-fallback-lock,shared-surface-blocked,agr-conflict-benchmark,shared-surface,conflict,block,block,false,false,false,false,true,true
no-cid,cid-conflict-blocked,agr-conflict-benchmark,cid-conflict,conflict,block,admit-parallel,false,false,false,false,true,false
no-shared-surface,cid-conflict-blocked,agr-conflict-benchmark,cid-conflict,conflict,block,block,false,false,false,false,true,true
no-rw-dependency,cid-conflict-blocked,agr-conflict-benchmark,cid-conflict,conflict,block,block,false,false,false,false,true,true
no-virtual-atom,cid-conflict-blocked,agr-conflict-benchmark,cid-conflict,conflict,block,block,false,false,false,false,true,true
no-conflict-key,cid-conflict-blocked,agr-conflict-benchmark,cid-conflict,conflict,block,block,false,false,false,false,true,true
no-cas,cid-conflict-blocked,agr-conflict-benchmark,cid-conflict,conflict,block,admit-parallel,false,false,false,false,true,false
no-fallback-lock,cid-conflict-blocked,agr-conflict-benchmark,cid-conflict,conflict,block,block,false,false,false,false,true,true
no-cid,physical-overlap-steward,agr-conflict-benchmark,physical-overlap,conflict,block,block,false,false,false,false,true,true
no-shared-surface,physical-overlap-steward,agr-conflict-benchmark,physical-overlap,conflict,block,block,false,false,false,false,true,true
no-rw-dependency,physical-overlap-steward,agr-conflict-benchmark,physical-overlap,conflict,block,block,false,false,false,false,true,true
no-virtual-atom,physical-overlap-steward,agr-conflict-benchmark,physical-overlap,conflict,block,admit-parallel,false,false,false,false,true,false
no-conflict-key,physical-overlap-steward,agr-conflict-benchmark,physical-overlap,conflict,block,block,false,false,false,false,true,true
no-cas,physical-overlap-steward,agr-conflict-benchmark,physical-overlap,conflict,block,block,false,false,false,false,true,true
no-fallback-lock,physical-overlap-steward,agr-conflict-benchmark,physical-overlap,conflict,block,block,false,false,false,false,true,true
no-cid,orphan-lock-cleanup,agr-conflict-benchmark,orphan-lock,conflict,block,block,false,false,false,false,true,true
no-shared-surface,orphan-lock-cleanup,agr-conflict-benchmark,orphan-lock,conflict,block,block,false,false,false,false,true,true
no-rw-dependency,orphan-lock-cleanup,agr-conflict-benchmark,orphan-lock,conflict,block,block,false,false,false,false,true,true
no-virtual-atom,orphan-lock-cleanup,agr-conflict-benchmark,orphan-lock,conflict,block,block,false,false,false,false,true,true
no-conflict-key,orphan-lock-cleanup,agr-conflict-benchmark,orphan-lock,conflict,block,block,false,false,false,false,true,true
no-cas,orphan-lock-cleanup,agr-conflict-benchmark,orphan-lock,conflict,block,block,false,false,false,false,true,true
no-fallback-lock,orphan-lock-cleanup,agr-conflict-benchmark,orphan-lock,conflict,block,admit-parallel,false,false,false,false,true,false
no-cid,manual-override-collision,agr-conflict-benchmark,manual-override,conflict,block,block,false,false,false,false,true,true
no-shared-surface,manual-override-collision,agr-conflict-benchmark,manual-override,conflict,block,block,false,false,false,false,true,true
no-rw-dependency,manual-override-collision,agr-conflict-benchmark,manual-override,conflict,block,block,false,false,false,false,true,true
no-virtual-atom,manual-override-collision,agr-conflict-benchmark,manual-override,conflict,block,block,false,false,false,false,true,true
no-conflict-key,manual-override-collision,agr-conflict-benchmark,manual-override,conflict,block,block,false,false,false,false,true,true
no-cas,manual-override-collision,agr-conflict-benchmark,manual-override,conflict,block,block,false,false,false,false,true,true
no-fallback-lock,manual-override-collision,agr-conflict-benchmark,manual-override,conflict,block,admit-parallel,false,false,false,false,true,false
